"OriginalName","Path","SourceURL","Bytes","SHA256"
"full_message_result.txt","experiments/realtime_ble_ack_run_20260521_225857/full_message_result.txt","https://drive.google.com/file/d/13oZDx9NZXNdTHq7-J1Bx44XUZ94AQ3zi/view?usp=drivesdk","260","435BDB36D5216D72BE8CBAAF7F1BE73ECE9307A483A4134398B5DD0EB9E225D2"
"packet_04_decoded_result.txt","experiments/realtime_ble_ack_run_20260521_225857/packet_04_decoded_result.txt","https://drive.google.com/file/d/1iZuDgaPjBffDMNRryJQIT4RXQWJscNxn/view?usp=drivesdk","407","A6C38BE460FCA9C24B41F4202888287BC48BD51EDBE0C38F7A09685C7B5AE53C"
"packet_04_hamming_report.txt","experiments/realtime_ble_ack_run_20260521_225857/packet_04_hamming_report.txt","https://drive.google.com/file/d/1MFWvUJYS4UO_LMmzkKcH2apn8af3UYrY/view?usp=drivesdk","1277","ED41DE4AFA3D1FF46AF2C607238C6BA713F7C8C07FD8C3BF85F26213412EB1F2"
"realtime_raw_bit_log.txt","experiments/realtime_ble_ack_run_20260521_225857/realtime_raw_bit_log.txt","https://drive.google.com/file/d/1GpHGrYGugv-Ita7POei5AeifUyYvRKZC/view?usp=drivesdk","15376","B040529FA7F351ECE5B2278579444A1E045C9649FDC638C827E46E05CB6F7FF3"
"packet_03_decoded_result.txt","experiments/realtime_ble_ack_run_20260521_225857/packet_03_decoded_result.txt","https://drive.google.com/file/d/1M_jcFqvRBv-0OnG8nsYdfXlMvpMCkFdW/view?usp=drivesdk","416","95351DF744A0E7E5BC79B4C855AFF5CC1710DD0A2329AC910C2862824A868CE6"
"packet_03_hamming_report.txt","experiments/realtime_ble_ack_run_20260521_225857/packet_03_hamming_report.txt","https://drive.google.com/file/d/1TPEnb0Cnn6VhH_zCbJohQB1njpQ33hAN/view?usp=drivesdk","1277","3A838B79E67204C8B2B803EA180D849A80BA5C10FAADFF34917AE62E8C341D0F"
"packet_02_decoded_result.txt","experiments/realtime_ble_ack_run_20260521_225857/packet_02_decoded_result.txt","https://drive.google.com/file/d/1MYlhoucQl8ZDvtzTm4Eq4MGPHnI2_gWe/view?usp=drivesdk","416","C460CF096D54083714A5872D2051F4E49CE03974EF5C57F26FCE48930BA01EEF"
"packet_02_hamming_report.txt","experiments/realtime_ble_ack_run_20260521_225857/packet_02_hamming_report.txt","https://drive.google.com/file/d/10hoULGW8p50MXTfmTIngE9o_koRwTrjW/view?usp=drivesdk","1277","79210C0C32C7C0121D627063E525555C5343C1C66A8C9EE0062240E0768F0BE7"
"realtime_hamming_crc_fail_002.txt","experiments/realtime_ble_ack_run_20260521_225857/realtime_hamming_crc_fail_002.txt","https://drive.google.com/file/d/12dEyb_mrtQJtkp9Bi0Yc4HpXHAjUrQS9/view?usp=drivesdk","1229","78579CE3BD3B4F8DB96DE8C85E8FF4DEF46C3C26BD1FB598A23EB5E860D1ED98"
"packet_01_decoded_result.txt","experiments/realtime_ble_ack_run_20260521_225857/packet_01_decoded_result.txt","https://drive.google.com/file/d/1EfjJ0eM6vQe4wIuH6w6CMbtl1tlGg9yA/view?usp=drivesdk","416","151D620A6C196E66AE881FC17BA367A7CF0E1C5156AB8500C1C2B07ACEDF5986"
"packet_01_hamming_report.txt","experiments/realtime_ble_ack_run_20260521_225857/packet_01_hamming_report.txt","https://drive.google.com/file/d/17qc-Gfk5KE7Vsa6G_8L08tdRCkNxuqHv/view?usp=drivesdk","1277","F655398B34421FB64540994C3FC376D4E97A20027E9A46AC8CFAA79A2BDDBA1F"
"realtime_hamming_crc_fail_001.txt","experiments/realtime_ble_ack_run_20260521_225857/realtime_hamming_crc_fail_001.txt","https://drive.google.com/file/d/1moEfZBXhgfneVA0IdQJsaqgEDYWxAc5I/view?usp=drivesdk","1232","982037E11AA84B4CAB2755AF71E63128B745D0433AF61C9BCF6D163886E2D708"
"packet_00_decoded_result.txt","experiments/realtime_ble_ack_run_20260521_225857/packet_00_decoded_result.txt","https://drive.google.com/file/d/1SbpUX51wi4OTh7BwXa0eTFVV7YoprY5O/view?usp=drivesdk","416","84069B7267BF3C744D68D52404BC94196B368A6677DBDEE798F309F5BF1D52D0"
"packet_00_hamming_report.txt","experiments/realtime_ble_ack_run_20260521_225857/packet_00_hamming_report.txt","https://drive.google.com/file/d/1970SF9rEZtbiATk3KfaoPzA5pTMhcxu1/view?usp=drivesdk","1277","FB8ED8873DD4F2E8D6EF81DBBC6FC75D794D0E4C0A7610E23E4CB50CDF525683"
"prompt.txt","experiments/realtime_ble_ack_run_20260521_225857/prompt.txt","https://drive.google.com/file/d/1y8xIW0NCVPxdzywZ58RovGu7D4W7yQ08/view?usp=drivesdk","16","FB3F6968A8E143B0EC0824533B746CB1D959263B4470982CC8BF383AA406AB68"
"mypcesp32tx.ino","firmware/mypcesp32tx/mypcesp32tx.ino","https://drive.google.com/file/d/13rCfP-3tYZp29iXIH4c1FZTj5uhMsxuw/view","14404","FC659A0785101C0A7F30FA66EAA6683C3DA8FFAC53CDA321948FADD78010E40B"
"jetsonrx (2).py","receiver/jetsonrx.py","https://drive.google.com/file/d/1k-rqYT5GzU8-30m86iHz_xdx1rxt3RUt/view","34010","9448D4BCDDFCC748976C6FB89082ADCB2D04B4ABD1DCA09EA40AF5702D94CFCD"
"GvRk-MQWcuOJpaR9tehd_y528Q5hu6tl8MK9p45w-H8.mp4","media/demo.mp4","https://drive.google.com/file/d/1BlXi7Qa-MyNvSl4lOuDWhLWkjeDay74V/view","5206078","46CBE715CBC78C3231164260D0C6129D4118699C76A773A5B5D440A9040050FF"
